"Training Data Accuracy","Testing Data Accuracy"
"0.085125","0.089250"
"0.518500","0.473000"
"0.668875","0.612125"
"0.796500","0.741625"
"0.811125","0.760250"
"0.825250","0.763625"
